WeightingMethod,Seed,Vertices,Sparsity,WeightMin,WeightMax,NrOfCliques,SizeOfClique,NrOfCommRounds,TotalTime,RoundTimes1,RoundTimes2,RoundTimes3,,,,
RANDOM,100,500,0.2,1,100,0,0,2,23.05,16.24,6.74,,,,,
RANDOM,100,500,0.2,1,100,50,5,2,22.89,14.14,8.7,,,,,
RANDOM,100,500,0.2,1,100,100,5,2,19.42,13.01,6.34,,,,,
RANDOM,100,500,0.2,1,100,200,5,2,17.01,10.97,5.92,,,,,
RANDOM,100,500,0.4,1,100,0,0,2,34.23,27.66,6.47,,,,,
RANDOM,100,500,0.4,1,100,50,5,2,34.34,28.3,5.96,,,,,
RANDOM,100,500,0.4,1,100,100,5,2,34.57,28.37,6.09,,,,,
RANDOM,100,500,0.4,1,100,200,5,2,32.16,26.45,5.56,,,,,
RANDOM,100,500,0.6,1,100,0,0,2,78.68,71.93,6.63,,,,,
RANDOM,100,500,0.6,1,100,50,5,2,76.72,70.56,6.02,,,,,
RANDOM,100,500,0.6,1,100,100,5,2,89.41,81.97,7.27,,,,,
RANDOM,100,500,0.6,1,100,200,5,2,110.05,103.67,6.18,,,,,
RANDOM,100,500,0.8,1,100,0,0,3,171.79,159.87,5.94,5.83,,,,
RANDOM,100,500,0.8,1,100,50,5,3,154.32,142.45,6.03,5.65,,,,
RANDOM,100,500,0.8,1,100,100,5,3,159.69,147.93,5.89,5.72,,,,
RANDOM,100,500,0.8,1,100,200,5,2,153.09,146.99,5.9,,,,,
RANDOM,100,500,1,1,100,0,0,3,268.74,256.99,5.9,5.65,,,,
RANDOM,100,500,1,1,100,50,5,3,491.61,472.5,9.13,9.6,,,,
RANDOM,100,500,1,1,100,100,5,3,527.29,509.63,9.34,7.98,,,,
RANDOM,100,500,1,1,100,200,5,2,564.18,555.59,8.17,,,,,
ALL_THE_SAME,100,500,0.2,1,100,0,0,2,26.22,17.97,8.19,,,,,
ALL_THE_SAME,100,500,0.2,1,100,50,5,2,24.85,16.95,7.84,,,,,
ALL_THE_SAME,100,500,0.2,1,100,100,5,2,24.18,16.5,7.6,,,,,
ALL_THE_SAME,100,500,0.2,1,100,200,5,2,20.2,14.25,5.82,,,,,
ALL_THE_SAME,100,500,0.4,1,100,0,0,2,35.13,29.25,5.81,,,,,
ALL_THE_SAME,100,500,0.4,1,100,50,5,2,46.28,39.47,6.74,,,,,
ALL_THE_SAME,100,500,0.4,1,100,100,5,2,43.84,37.52,6.2,,,,,
ALL_THE_SAME,100,500,0.4,1,100,200,5,2,60.44,52.37,7.8,,,,,
ALL_THE_SAME,100,500,0.6,1,100,0,0,2,121.09,113.98,6.94,,,,,
ALL_THE_SAME,100,500,0.6,1,100,50,5,2,93.87,87.7,6.06,,,,,
ALL_THE_SAME,100,500,0.6,1,100,100,5,2,160.68,151.22,9.33,,,,,
ALL_THE_SAME,100,500,0.6,1,100,200,5,2,142.81,135.07,7.44,,,,,
ALL_THE_SAME,100,500,0.8,1,100,0,0,3,295.07,279.15,7.22,8.51,,,,
ALL_THE_SAME,100,500,0.8,1,100,50,5,3,352.12,336.79,7.86,7.26,,,,
ALL_THE_SAME,100,500,0.8,1,100,100,5,3,320.62,304.59,8.04,7.74,,,,
ALL_THE_SAME,100,500,0.8,1,100,200,5,2,279.15,270.94,7.94,,,,,
ALL_THE_SAME,100,500,1,1,100,0,0,3,488.93,474.3,7.42,6.96,,,,
ALL_THE_SAME,100,500,1,1,100,50,5,3,467.3,452.97,7.29,6.81,,,,
ALL_THE_SAME,100,500,1,1,100,100,5,3,466.39,446.09,8.66,11.4,,,,
ALL_THE_SAME,100,500,1,1,100,200,5,2,539.9,530.14,9.36,,,,,
UNIQUE,100,500,0.2,1,100,0,0,2,35.51,25.42,10.02,,,,,
UNIQUE,100,500,0.2,1,100,50,5,2,46.26,23.18,23.02,,,,,
UNIQUE,100,500,0.2,1,100,100,5,2,38.55,26.59,11.89,,,,,
UNIQUE,100,500,0.2,1,100,200,5,2,17.58,11.1,6.3,,,,,
UNIQUE,100,500,0.4,1,100,0,0,2,32.95,27.02,5.83,,,,,
UNIQUE,100,500,0.4,1,100,50,5,2,33.1,27.27,5.74,,,,,
UNIQUE,100,500,0.4,1,100,100,5,2,33.19,27.09,5.99,,,,,
UNIQUE,100,500,0.4,1,100,200,5,2,33.61,27.45,5.99,,,,,
UNIQUE,100,500,0.6,1,100,0,0,2,74.22,68.04,6.07,,,,,
UNIQUE,100,500,0.6,1,100,50,5,2,78.7,71.86,6.72,,,,,
UNIQUE,100,500,0.6,1,100,100,5,2,144.85,137.63,7.09,,,,,
UNIQUE,100,500,0.6,1,100,200,5,2,169.22,161.29,7.63,,,,,
UNIQUE,100,500,0.8,1,100,0,0,3,337.32,316.58,8.55,11.97,,,,
UNIQUE,100,500,0.8,1,100,50,5,3,295.38,279.5,8.1,7.6,,,,
UNIQUE,100,500,0.8,1,100,100,5,3,269.61,254.82,7.43,7.16,,,,
UNIQUE,100,500,0.8,1,100,200,5,2,268.31,260.38,7.64,,,,,
UNIQUE,100,500,1,1,100,0,0,3,276.97,265.2,5.92,5.68,,,,
UNIQUE,100,500,1,1,100,50,5,3,282.99,271.23,5.95,5.63,,,,
UNIQUE,100,500,1,1,100,100,5,3,278.93,267.06,5.98,5.71,,,,
UNIQUE,100,500,1,1,100,200,5,2,275.9,269.8,5.87,,,,,
INCIDENT_EDGES_THE_SAME,100,500,0.2,1,100,0,0,2,16.41,10.67,5.7,,,,,
INCIDENT_EDGES_THE_SAME,100,500,0.2,1,100,50,5,2,16.49,10.81,5.64,,,,,
INCIDENT_EDGES_THE_SAME,100,500,0.2,1,100,100,5,2,16.56,10.82,5.66,,,,,
INCIDENT_EDGES_THE_SAME,100,500,0.2,1,100,200,5,2,17.3,11.34,5.79,,,,,
INCIDENT_EDGES_THE_SAME,100,500,0.4,1,100,0,0,2,33.51,27.15,6.26,,,,,
INCIDENT_EDGES_THE_SAME,100,500,0.4,1,100,50,5,2,33.52,27.55,5.89,,,,,
INCIDENT_EDGES_THE_SAME,100,500,0.4,1,100,100,5,2,33.24,27.31,5.84,,,,,
INCIDENT_EDGES_THE_SAME,100,500,0.4,1,100,200,5,2,34.4,28.51,5.68,,,,,
INCIDENT_EDGES_THE_SAME,100,500,0.6,1,100,0,0,2,73.77,67.91,5.75,,,,,
INCIDENT_EDGES_THE_SAME,100,500,0.6,1,100,50,5,2,74.49,68.53,5.85,,,,,
INCIDENT_EDGES_THE_SAME,100,500,0.6,1,100,100,5,2,73.18,67.07,5.96,,,,,
INCIDENT_EDGES_THE_SAME,100,500,0.6,1,100,200,5,2,73.99,67.98,5.78,,,,,
INCIDENT_EDGES_THE_SAME,100,500,0.8,1,100,0,0,3,154.5,142.81,5.85,5.68,,,,
INCIDENT_EDGES_THE_SAME,100,500,0.8,1,100,50,5,3,159.78,148.08,5.72,5.83,,,,
INCIDENT_EDGES_THE_SAME,100,500,0.8,1,100,100,5,3,157.31,145.52,6,5.63,,,,
INCIDENT_EDGES_THE_SAME,100,500,0.8,1,100,200,5,2,154.59,148.37,5.96,,,,,
INCIDENT_EDGES_THE_SAME,100,500,1,1,100,0,0,3,277.51,265.85,5.87,5.61,,,,
INCIDENT_EDGES_THE_SAME,100,500,1,1,100,50,5,3,283.21,271.32,6.06,5.64,,,,
INCIDENT_EDGES_THE_SAME,100,500,1,1,100,100,5,3,281.36,269.36,6.09,5.7,,,,
INCIDENT_EDGES_THE_SAME,100,500,1,1,100,200,5,2,277.53,271.33,5.9,,,,,
RANDOM,101,500,0.2,1,100,0,0,2,16.33,10.58,5.7,,,,,
RANDOM,101,500,0.2,1,100,50,5,2,16.41,10.7,5.67,,,,,
RANDOM,101,500,0.2,1,100,100,5,2,16.62,10.79,5.77,,,,,
RANDOM,101,500,0.2,1,100,200,5,2,16.78,10.77,5.8,,,,,
RANDOM,101,500,0.4,1,100,0,0,2,32.61,26.71,5.81,,,,,
RANDOM,101,500,0.4,1,100,50,5,2,33.3,27.44,5.79,,,,,
RANDOM,101,500,0.4,1,100,100,5,2,33.37,27.45,5.84,,,,,
RANDOM,101,500,0.4,1,100,200,5,2,34.15,28.08,5.9,,,,,
RANDOM,101,500,0.6,1,100,0,0,2,73.42,67.38,5.91,,,,,
RANDOM,101,500,0.6,1,100,50,5,2,74.53,68.49,5.93,,,,,
RANDOM,101,500,0.6,1,100,100,5,2,72.9,66.73,6.02,,,,,
RANDOM,101,500,0.6,1,100,200,5,2,75.4,69.37,5.84,,,,,
RANDOM,101,500,0.8,1,100,0,0,3,159.57,147.77,5.88,5.76,,,,
RANDOM,101,500,0.8,1,100,50,5,3,162,150.14,5.96,5.74,,,,
RANDOM,101,500,0.8,1,100,100,5,3,159.94,148.21,5.87,5.71,,,,
RANDOM,101,500,0.8,1,100,200,5,2,157.58,151.45,5.91,,,,,
RANDOM,101,500,1,1,100,0,0,3,282.12,270.28,5.95,5.71,,,,
RANDOM,101,500,1,1,100,50,5,3,285.62,273.63,5.98,5.82,,,,
RANDOM,101,500,1,1,100,100,5,3,283,270.99,6.04,5.79,,,,
RANDOM,101,500,1,1,100,200,5,2,281.25,275.09,5.95,,,,,
ALL_THE_SAME,101,500,0.2,1,100,0,0,2,17.26,11.45,5.77,,,,,
ALL_THE_SAME,101,500,0.2,1,100,50,5,2,17.28,11.42,5.81,,,,,
ALL_THE_SAME,101,500,0.2,1,100,100,5,2,17.09,11.28,5.76,,,,,
ALL_THE_SAME,101,500,0.2,1,100,200,5,2,17.16,11.29,5.75,,,,,
ALL_THE_SAME,101,500,0.4,1,100,0,0,2,35.49,29.61,5.8,,,,,
ALL_THE_SAME,101,500,0.4,1,100,50,5,2,35.85,30.03,5.74,,,,,
ALL_THE_SAME,101,500,0.4,1,100,100,5,2,34.96,29.14,5.74,,,,,
ALL_THE_SAME,101,500,0.4,1,100,200,5,2,35.72,29.7,5.86,,,,,
ALL_THE_SAME,101,500,0.6,1,100,0,0,2,79.01,72.88,6.01,,,,,
ALL_THE_SAME,101,500,0.6,1,100,50,5,2,81.32,75.4,5.81,,,,,
ALL_THE_SAME,101,500,0.6,1,100,100,5,2,79.31,73.36,5.84,,,,,
ALL_THE_SAME,101,500,0.6,1,100,200,5,2,80.82,74.69,5.94,,,,,
ALL_THE_SAME,101,500,0.8,1,100,0,0,3,170.57,158.79,5.96,5.66,,,,
ALL_THE_SAME,101,500,0.8,1,100,50,5,3,176.41,164.69,5.91,5.66,,,,
ALL_THE_SAME,101,500,0.8,1,100,100,5,3,174.24,162.38,5.89,5.82,,,,
ALL_THE_SAME,101,500,0.8,1,100,200,5,2,165.92,159.85,5.85,,,,,
ALL_THE_SAME,101,500,1,1,100,0,0,3,304.24,292.45,5.98,5.58,,,,
ALL_THE_SAME,101,500,1,1,100,50,5,3,305.91,293.93,6.1,5.66,,,,
ALL_THE_SAME,101,500,1,1,100,100,5,3,306.86,294.9,6,5.77,,,,
ALL_THE_SAME,101,500,1,1,100,200,5,2,297.74,291.41,6.1,,,,,
UNIQUE,101,500,0.2,1,100,0,0,2,16.6,10.73,5.83,,,,,
UNIQUE,101,500,0.2,1,100,50,5,2,16.64,10.78,5.82,,,,,
UNIQUE,101,500,0.2,1,100,100,5,2,16.6,10.72,5.82,,,,,
UNIQUE,101,500,0.2,1,100,200,5,2,16.89,11.01,5.74,,,,,
UNIQUE,101,500,0.4,1,100,0,0,2,33.19,27.3,5.81,,,,,
UNIQUE,101,500,0.4,1,100,50,5,2,33.58,27.62,5.88,,,,,
UNIQUE,101,500,0.4,1,100,100,5,2,33.76,27.71,5.96,,,,,
UNIQUE,101,500,0.4,1,100,200,5,2,34.53,28.5,5.84,,,,,
UNIQUE,101,500,0.6,1,100,0,0,2,73.96,67.87,5.98,,,,,
UNIQUE,101,500,0.6,1,100,50,5,2,74.48,68.46,5.92,,,,,
UNIQUE,101,500,0.6,1,100,100,5,2,74.78,68.76,5.88,,,,,
UNIQUE,101,500,0.6,1,100,200,5,2,75.56,69.38,5.99,,,,,
UNIQUE,101,500,0.8,1,100,0,0,3,158.92,147.11,5.97,5.7,,,,
UNIQUE,101,500,0.8,1,100,50,5,3,163.76,151.86,5.92,5.83,,,,
UNIQUE,101,500,0.8,1,100,100,5,3,163.54,151.69,5.87,5.81,,,,
UNIQUE,101,500,0.8,1,100,200,5,2,158.58,152.37,6,,,,,
UNIQUE,101,500,1,1,100,0,0,3,282.33,270.46,6.05,5.63,,,,
UNIQUE,101,500,1,1,100,50,5,3,285.56,273.56,6.08,5.74,,,,
UNIQUE,101,500,1,1,100,100,5,3,286.68,274.91,5.87,5.72,,,,
UNIQUE,101,500,1,1,100,200,5,2,283.5,277.29,5.99,,,,,
INCIDENT_EDGES_THE_SAME,101,500,0.2,1,100,0,0,2,16.57,10.64,5.89,,,,,
INCIDENT_EDGES_THE_SAME,101,500,0.2,1,100,50,5,2,16.39,10.65,5.7,,,,,
INCIDENT_EDGES_THE_SAME,101,500,0.2,1,100,100,5,2,16.65,10.84,5.75,,,,,
INCIDENT_EDGES_THE_SAME,101,500,0.2,1,100,200,5,2,16.73,10.87,5.71,,,,,
INCIDENT_EDGES_THE_SAME,101,500,0.4,1,100,0,0,2,32.89,26.95,5.87,,,,,
INCIDENT_EDGES_THE_SAME,101,500,0.4,1,100,50,5,2,33.8,27.82,5.91,,,,,
INCIDENT_EDGES_THE_SAME,101,500,0.4,1,100,100,5,2,33.1,27.23,5.77,,,,,
INCIDENT_EDGES_THE_SAME,101,500,0.4,1,100,200,5,2,34.32,28.35,5.77,,,,,
INCIDENT_EDGES_THE_SAME,101,500,0.6,1,100,0,0,2,73.24,67.26,5.87,,,,,
INCIDENT_EDGES_THE_SAME,101,500,0.6,1,100,50,5,2,75.03,68.93,5.99,,,,,
INCIDENT_EDGES_THE_SAME,101,500,0.6,1,100,100,5,2,72.23,66.25,5.84,,,,,
INCIDENT_EDGES_THE_SAME,101,500,0.6,1,100,200,5,2,75.54,69.39,5.92,,,,,
INCIDENT_EDGES_THE_SAME,101,500,0.8,1,100,0,0,3,158.84,147.08,5.92,5.7,,,,
INCIDENT_EDGES_THE_SAME,101,500,0.8,1,100,50,5,3,164.14,152.45,5.8,5.74,,,,
INCIDENT_EDGES_THE_SAME,101,500,0.8,1,100,100,5,3,162.87,151.15,5.85,5.72,,,,
INCIDENT_EDGES_THE_SAME,101,500,0.8,1,100,200,5,2,160.14,152.39,7.49,,,,,
INCIDENT_EDGES_THE_SAME,101,500,1,1,100,0,0,3,282.33,270.17,6,5.98,,,,
INCIDENT_EDGES_THE_SAME,101,500,1,1,100,50,5,3,296.49,283.83,5.99,6.49,,,,
INCIDENT_EDGES_THE_SAME,101,500,1,1,100,100,5,3,285.64,273.39,6.29,5.75,,,,
INCIDENT_EDGES_THE_SAME,101,500,1,1,100,200,5,2,281.73,275.33,6.11,,,,,
RANDOM,103,500,0.2,1,100,0,0,2,23.91,16.3,7.57,,,,,
RANDOM,103,500,0.2,1,100,50,5,2,21.02,12.75,8.22,,,,,
RANDOM,103,500,0.2,1,100,100,5,2,19.38,12.11,7.21,,,,,
RANDOM,103,500,0.2,1,100,200,5,2,19.22,11.68,7.36,,,,,
RANDOM,103,500,0.4,1,100,0,0,2,34.33,26.64,7.61,,,,,
RANDOM,103,500,0.4,1,100,50,5,2,32.32,24.99,7.27,,,,,
RANDOM,103,500,0.4,1,100,100,5,2,32.43,25.14,7.22,,,,,
RANDOM,103,500,0.4,1,100,200,5,2,32.57,25.1,7.3,,,,,
RANDOM,103,500,0.6,1,100,0,0,2,55.63,48.26,7.26,,,,,
RANDOM,103,500,0.6,1,100,50,5,2,54.77,47.44,7.23,,,,,
RANDOM,103,500,0.6,1,100,100,5,2,55.08,47.66,7.32,,,,,
RANDOM,103,500,0.6,1,100,200,5,2,56.12,48.69,7.25,,,,,
RANDOM,103,500,0.8,1,100,0,0,3,111.9,96.04,8.08,7.65,,,,
RANDOM,103,500,0.8,1,100,50,5,3,138.39,122.74,7.84,7.67,,,,
RANDOM,103,500,0.8,1,100,100,5,3,140.36,123.98,8.45,7.79,,,,
RANDOM,103,500,0.8,1,100,200,5,2,113.18,105.04,7.92,,,,,
RANDOM,103,500,1,1,100,0,0,3,181.56,165.59,8.14,7.67,,,,
RANDOM,103,500,1,1,100,50,5,3,182.8,168.12,7.45,7.06,,,,
RANDOM,103,500,1,1,100,100,5,3,217.64,200.91,8.32,8.19,,,,
RANDOM,103,500,1,1,100,200,5,2,178.8,171.13,7.43,,,,,
ALL_THE_SAME,103,500,0.2,1,100,0,0,2,20.43,12.77,7.62,,,,,
ALL_THE_SAME,103,500,0.2,1,100,50,5,2,20.96,13.12,7.79,,,,,
ALL_THE_SAME,103,500,0.2,1,100,100,5,2,19.39,12.23,7.1,,,,,
ALL_THE_SAME,103,500,0.2,1,100,200,5,2,19.64,12.36,7.14,,,,,
ALL_THE_SAME,103,500,0.4,1,100,0,0,2,35.66,28.01,7.58,,,,,
ALL_THE_SAME,103,500,0.4,1,100,50,5,2,33.62,26.36,7.19,,,,,
ALL_THE_SAME,103,500,0.4,1,100,100,5,2,34.15,26.72,7.35,,,,,
ALL_THE_SAME,103,500,0.4,1,100,200,5,2,33.46,25.97,7.31,,,,,
ALL_THE_SAME,103,500,0.6,1,100,0,0,2,60.21,52.56,7.55,,,,,
ALL_THE_SAME,103,500,0.6,1,100,50,5,2,63.12,55.39,7.64,,,,,
ALL_THE_SAME,103,500,0.6,1,100,100,5,2,61.72,54.3,7.31,,,,,
ALL_THE_SAME,103,500,0.6,1,100,200,5,2,57.77,50.05,7.53,,,,,
ALL_THE_SAME,103,500,0.8,1,100,0,0,3,110.88,96.34,7.35,7.06,,,,
ALL_THE_SAME,103,500,0.8,1,100,50,5,3,111.84,96.98,7.54,7.19,,,,
ALL_THE_SAME,103,500,0.8,1,100,100,5,3,114.98,99.27,7.91,7.68,,,,
ALL_THE_SAME,103,500,0.8,1,100,200,5,2,107.76,100.02,7.55,,,,,
ALL_THE_SAME,103,500,1,1,100,0,0,3,200.03,184.1,8.04,7.71,,,,
ALL_THE_SAME,103,500,1,1,100,50,5,3,264.35,248.54,8.36,7.26,,,,
ALL_THE_SAME,103,500,1,1,100,100,5,3,208.84,193.73,7.48,7.46,,,,
ALL_THE_SAME,103,500,1,1,100,200,5,2,185.96,178.11,7.63,,,,,
UNIQUE,103,500,0.2,1,100,0,0,2,18.73,11.53,7.17,,,,,
UNIQUE,103,500,0.2,1,100,50,5,2,19.14,11.7,7.41,,,,,
UNIQUE,103,500,0.2,1,100,100,5,2,20.33,12.66,7.61,,,,,
UNIQUE,103,500,0.2,1,100,200,5,2,18.92,11.52,7.25,,,,,
UNIQUE,103,500,0.4,1,100,0,0,2,32.2,24.76,7.37,,,,,
UNIQUE,103,500,0.4,1,100,50,5,2,32.47,25.2,7.21,,,,,
UNIQUE,103,500,0.4,1,100,100,5,2,35.05,27.39,7.58,,,,,
UNIQUE,103,500,0.4,1,100,200,5,2,32.07,24.51,7.38,,,,,
UNIQUE,103,500,0.6,1,100,0,0,2,56.51,48.95,7.47,,,,,
UNIQUE,103,500,0.6,1,100,50,5,2,57.02,49.72,7.2,,,,,
UNIQUE,103,500,0.6,1,100,100,5,2,55.85,48.33,7.41,,,,,
UNIQUE,103,500,0.6,1,100,200,5,2,55.94,48.27,7.44,,,,,
UNIQUE,103,500,0.8,1,100,0,0,3,118.42,102.05,9.06,7.2,,,,
UNIQUE,103,500,0.8,1,100,50,5,3,132.72,118.01,7.41,7.16,,,,
UNIQUE,103,500,0.8,1,100,100,5,3,124.54,109.56,7.54,7.29,,,,
UNIQUE,103,500,0.8,1,100,200,5,2,123.61,115.76,7.63,,,,,
UNIQUE,103,500,1,1,100,0,0,3,202.95,187.93,7.32,7.54,,,,
UNIQUE,103,500,1,1,100,50,5,3,185.78,171.42,7.27,6.94,,,,
UNIQUE,103,500,1,1,100,100,5,3,211.4,196.43,7.4,7.43,,,,
UNIQUE,103,500,1,1,100,200,5,2,171.91,164.36,7.36,,,,,
INCIDENT_EDGES_THE_SAME,103,500,0.2,1,100,0,0,2,19.54,11.96,7.55,,,,,
INCIDENT_EDGES_THE_SAME,103,500,0.2,1,100,50,5,2,18.84,11.59,7.21,,,,,
INCIDENT_EDGES_THE_SAME,103,500,0.2,1,100,100,5,2,18.91,11.63,7.21,,,,,
INCIDENT_EDGES_THE_SAME,103,500,0.2,1,100,200,5,2,20.88,12.92,7.75,,,,,
INCIDENT_EDGES_THE_SAME,103,500,0.4,1,100,0,0,2,32.99,25.8,7.12,,,,,
INCIDENT_EDGES_THE_SAME,103,500,0.4,1,100,50,5,2,33.59,25.86,7.65,,,,,
INCIDENT_EDGES_THE_SAME,103,500,0.4,1,100,100,5,2,32.9,25.66,7.14,,,,,
INCIDENT_EDGES_THE_SAME,103,500,0.4,1,100,200,5,2,32,24.45,7.33,,,,,
INCIDENT_EDGES_THE_SAME,103,500,0.6,1,100,0,0,2,56.49,49.22,7.17,,,,,
INCIDENT_EDGES_THE_SAME,103,500,0.6,1,100,50,5,2,56.55,49.21,7.24,,,,,
INCIDENT_EDGES_THE_SAME,103,500,0.6,1,100,100,5,2,56.1,48.74,7.22,,,,,
INCIDENT_EDGES_THE_SAME,103,500,0.6,1,100,200,5,2,56.68,49.21,7.22,,,,,
INCIDENT_EDGES_THE_SAME,103,500,0.8,1,100,0,0,3,105.83,91.12,7.42,7.16,,,,
INCIDENT_EDGES_THE_SAME,103,500,0.8,1,100,50,5,3,106.85,92.53,7.13,7.05,,,,
INCIDENT_EDGES_THE_SAME,103,500,0.8,1,100,100,5,3,106.8,92.41,7.18,7.06,,,,
INCIDENT_EDGES_THE_SAME,103,500,0.8,1,100,200,5,2,101.16,93.69,7.17,,,,,
INCIDENT_EDGES_THE_SAME,103,500,1,1,100,0,0,3,179.92,165.36,7.3,7.09,,,,
INCIDENT_EDGES_THE_SAME,103,500,1,1,100,50,5,3,181.07,166.29,7.3,7.31,,,,
INCIDENT_EDGES_THE_SAME,103,500,1,1,100,100,5,3,181.66,167.01,7.36,7.11,,,,
INCIDENT_EDGES_THE_SAME,103,500,1,1,100,200,5,2,176.31,168.75,7.24,,,,,
RANDOM,104,500,0.2,1,100,0,0,2,18.46,11.41,7.02,,,,,
RANDOM,104,500,0.2,1,100,50,5,2,18.87,11.56,7.27,,,,,
RANDOM,104,500,0.2,1,100,100,5,2,19.37,11.79,7.52,,,,,
RANDOM,104,500,0.2,1,100,200,5,2,18.8,11.46,7.18,,,,,
RANDOM,104,500,0.4,1,100,0,0,2,32.17,24.97,7.13,,,,,
RANDOM,104,500,0.4,1,100,50,5,2,31.88,24.57,7.25,,,,,
RANDOM,104,500,0.4,1,100,100,5,2,31.72,24.52,7.12,,,,,
RANDOM,104,500,0.4,1,100,200,5,2,32.18,24.84,7.13,,,,,
RANDOM,104,500,0.6,1,100,0,0,2,55.69,48.34,7.25,,,,,
RANDOM,104,500,0.6,1,100,50,5,2,55.4,48.06,7.24,,,,,
RANDOM,104,500,0.6,1,100,100,5,2,57.58,49.82,7.65,,,,,
RANDOM,104,500,0.6,1,100,200,5,2,57.37,49.82,7.36,,,,,
RANDOM,104,500,0.8,1,100,0,0,3,104.3,89.89,7.25,7.04,,,,
RANDOM,104,500,0.8,1,100,50,5,3,105.57,91.16,7.19,7.09,,,,
RANDOM,104,500,0.8,1,100,100,5,3,103.3,88.96,7.14,7.08,,,,
RANDOM,104,500,0.8,1,100,200,5,2,99.95,92.34,7.38,,,,,
RANDOM,104,500,1,1,100,0,0,3,181.21,166.19,7.61,7.24,,,,
RANDOM,104,500,1,1,100,50,5,3,177.1,162.63,7.3,7,,,,
RANDOM,104,500,1,1,100,100,5,3,180.82,166.42,7.21,7.02,,,,
RANDOM,104,500,1,1,100,200,5,2,175.13,167.26,7.66,,,,,
ALL_THE_SAME,104,500,0.2,1,100,0,0,2,20.14,12.88,7.23,,,,,
ALL_THE_SAME,104,500,0.2,1,100,50,5,2,20.49,12.74,7.71,,,,,
ALL_THE_SAME,104,500,0.2,1,100,100,5,2,19.83,12.58,7.19,,,,,
ALL_THE_SAME,104,500,0.2,1,100,200,5,2,19.44,11.93,7.32,,,,,
ALL_THE_SAME,104,500,0.4,1,100,0,0,2,34.07,26.9,7.1,,,,,
ALL_THE_SAME,104,500,0.4,1,100,50,5,2,33.87,26.62,7.18,,,,,
ALL_THE_SAME,104,500,0.4,1,100,100,5,2,33.62,26.54,7.01,,,,,
ALL_THE_SAME,104,500,0.4,1,100,200,5,2,33.21,25.98,7.06,,,,,
ALL_THE_SAME,104,500,0.6,1,100,0,0,2,61.14,53.78,7.26,,,,,
ALL_THE_SAME,104,500,0.6,1,100,50,5,2,62.95,55.54,7.31,,,,,
ALL_THE_SAME,104,500,0.6,1,100,100,5,2,58.32,51.03,7.2,,,,,
ALL_THE_SAME,104,500,0.6,1,100,200,5,2,58.06,50.58,7.31,,,,,
ALL_THE_SAME,104,500,0.8,1,100,0,0,3,115.58,100.97,7.51,6.97,,,,
ALL_THE_SAME,104,500,0.8,1,100,50,5,3,110.71,96.39,7.21,6.98,,,,
ALL_THE_SAME,104,500,0.8,1,100,100,5,3,111.89,97.02,7.55,7.21,,,,
ALL_THE_SAME,104,500,0.8,1,100,200,5,2,102.02,94.47,7.35,,,,,
ALL_THE_SAME,104,500,1,1,100,0,0,3,235.06,218.32,8.55,8.02,,,,
ALL_THE_SAME,104,500,1,1,100,50,5,3,191.96,177.39,7.44,6.97,,,,
ALL_THE_SAME,104,500,1,1,100,100,5,3,194.84,180.45,7.27,6.96,,,,
ALL_THE_SAME,104,500,1,1,100,200,5,2,184.33,176.65,7.47,,,,,
UNIQUE,104,500,0.2,1,100,0,0,2,18.36,11.29,7.03,,,,,
UNIQUE,104,500,0.2,1,100,50,5,2,18.94,11.59,7.31,,,,,
UNIQUE,104,500,0.2,1,100,100,5,2,18.97,11.7,7.21,,,,,
UNIQUE,104,500,0.2,1,100,200,5,2,18.56,11.39,7.02,,,,,
UNIQUE,104,500,0.4,1,100,0,0,2,32.4,25.12,7.2,,,,,
UNIQUE,104,500,0.4,1,100,50,5,2,32.29,25.04,7.18,,,,,
UNIQUE,104,500,0.4,1,100,100,5,2,32.01,24.83,7.1,,,,,
UNIQUE,104,500,0.4,1,100,200,5,2,32.25,24.86,7.21,,,,,
UNIQUE,104,500,0.6,1,100,0,0,2,56.12,48.86,7.18,,,,,
UNIQUE,104,500,0.6,1,100,50,5,2,54.91,47.7,7.11,,,,,
UNIQUE,104,500,0.6,1,100,100,5,2,56.83,49.46,7.26,,,,,
UNIQUE,104,500,0.6,1,100,200,5,2,56.72,49.31,7.19,,,,,
UNIQUE,104,500,0.8,1,100,0,0,3,103.76,89.28,7.28,7.09,,,,
UNIQUE,104,500,0.8,1,100,50,5,3,111.32,97.07,7.16,6.97,,,,
UNIQUE,104,500,0.8,1,100,100,5,3,104.19,89.78,7.31,6.97,,,,
UNIQUE,104,500,0.8,1,100,200,5,2,100.5,92.78,7.5,,,,,
UNIQUE,104,500,1,1,100,0,0,3,180.48,166.01,7.34,6.97,,,,
UNIQUE,104,500,1,1,100,50,5,3,183.58,169.08,7.28,7.08,,,,
UNIQUE,104,500,1,1,100,100,5,3,186.17,171.28,7.6,7.13,,,,
UNIQUE,104,500,1,1,100,200,5,2,179.72,171.72,7.8,,,,,
INCIDENT_EDGES_THE_SAME,104,500,0.2,1,100,0,0,2,20.99,12.84,8.11,,,,,
INCIDENT_EDGES_THE_SAME,104,500,0.2,1,100,50,5,2,22.09,13.73,8.32,,,,,
INCIDENT_EDGES_THE_SAME,104,500,0.2,1,100,100,5,2,19.75,12.5,7.17,,,,,
INCIDENT_EDGES_THE_SAME,104,500,0.2,1,100,200,5,2,19.23,11.63,7.39,,,,,
INCIDENT_EDGES_THE_SAME,104,500,0.4,1,100,0,0,2,35.78,27.7,8.02,,,,,
INCIDENT_EDGES_THE_SAME,104,500,0.4,1,100,50,5,2,31.89,24.61,7.22,,,,,
INCIDENT_EDGES_THE_SAME,104,500,0.4,1,100,100,5,2,34.26,26.7,7.45,,,,,
INCIDENT_EDGES_THE_SAME,104,500,0.4,1,100,200,5,2,31.96,24.59,7.14,,,,,
INCIDENT_EDGES_THE_SAME,104,500,0.6,1,100,0,0,2,55.72,48.24,7.4,,,,,
INCIDENT_EDGES_THE_SAME,104,500,0.6,1,100,50,5,2,55.63,48.12,7.41,,,,,
INCIDENT_EDGES_THE_SAME,104,500,0.6,1,100,100,5,2,55.73,48.37,7.23,,,,,
INCIDENT_EDGES_THE_SAME,104,500,0.6,1,100,200,5,2,55.51,48.04,7.22,,,,,
INCIDENT_EDGES_THE_SAME,104,500,0.8,1,100,0,0,3,107.34,92.98,7.2,7.04,,,,
INCIDENT_EDGES_THE_SAME,104,500,0.8,1,100,50,5,3,112.26,97.89,7.23,7.02,,,,
INCIDENT_EDGES_THE_SAME,104,500,0.8,1,100,100,5,3,111.76,97.08,7.42,7.11,,,,
INCIDENT_EDGES_THE_SAME,104,500,0.8,1,100,200,5,2,102.07,94.5,7.28,,,,,
INCIDENT_EDGES_THE_SAME,104,500,1,1,100,0,0,3,184.53,169.02,7.73,7.63,,,,
INCIDENT_EDGES_THE_SAME,104,500,1,1,100,50,5,3,184.02,168.96,7.58,7.31,,,,
INCIDENT_EDGES_THE_SAME,104,500,1,1,100,100,5,3,175.83,161.27,7.25,7.11,,,,
INCIDENT_EDGES_THE_SAME,104,500,1,1,100,200,5,2,177.03,169.13,7.57,,,,,
RANDOM,105,500,0.2,1,100,0,0,2,19.41,12.03,7.34,,,,,
RANDOM,105,500,0.2,1,100,50,5,2,19.33,11.84,7.46,,,,,
RANDOM,105,500,0.2,1,100,100,5,2,18.63,11.49,7.08,,,,,
RANDOM,105,500,0.2,1,100,200,5,2,20.02,12.26,7.58,,,,,
RANDOM,105,500,0.4,1,100,0,0,2,31.48,24.1,7.31,,,,,
RANDOM,105,500,0.4,1,100,50,5,2,31.82,24.72,7.03,,,,,
RANDOM,105,500,0.4,1,100,100,5,2,31.29,24.03,7.18,,,,,
RANDOM,105,500,0.4,1,100,200,5,2,31.64,24.26,7.21,,,,,
RANDOM,105,500,0.6,1,100,0,0,2,57.12,49.51,7.51,,,,,
RANDOM,105,500,0.6,1,100,50,5,2,58.18,50.39,7.69,,,,,
RANDOM,105,500,0.6,1,100,100,5,2,54.94,47.53,7.3,,,,,
RANDOM,105,500,0.6,1,100,200,5,2,57.3,49.83,7.28,,,,,
RANDOM,105,500,0.8,1,100,0,0,3,106.31,91.28,7.47,7.43,,,,
RANDOM,105,500,0.8,1,100,50,5,3,105.58,90.84,7.4,7.21,,,,
RANDOM,105,500,0.8,1,100,100,5,3,108.26,93.85,7.28,7,,,,
RANDOM,105,500,0.8,1,100,200,5,2,98.03,90.69,7.16,,,,,
RANDOM,105,500,1,1,100,0,0,3,178.95,164.36,7.27,7.15,,,,
RANDOM,105,500,1,1,100,50,5,3,179.23,163.78,7.77,7.49,,,,
RANDOM,105,500,1,1,100,100,5,3,180.22,165.75,7.27,7.03,,,,
RANDOM,105,500,1,1,100,200,5,2,175.94,167.93,7.8,,,,,
ALL_THE_SAME,105,500,0.2,1,100,0,0,2,19.74,12.53,7.16,,,,,
ALL_THE_SAME,105,500,0.2,1,100,50,5,2,19.75,12.24,7.47,,,,,
ALL_THE_SAME,105,500,0.2,1,100,100,5,2,19.9,12.45,7.4,,,,,
ALL_THE_SAME,105,500,0.2,1,100,200,5,2,19.88,12.06,7.66,,,,,
ALL_THE_SAME,105,500,0.4,1,100,0,0,2,34.39,26.93,7.39,,,,,
ALL_THE_SAME,105,500,0.4,1,100,50,5,2,33.99,26.57,7.36,,,,,
ALL_THE_SAME,105,500,0.4,1,100,100,5,2,33.37,26.28,7.01,,,,,
ALL_THE_SAME,105,500,0.4,1,100,200,5,2,36.3,28.7,7.38,,,,,
ALL_THE_SAME,105,500,0.6,1,100,0,0,2,60.66,53.25,7.31,,,,,
ALL_THE_SAME,105,500,0.6,1,100,50,5,2,64.13,56.3,7.74,,,,,
ALL_THE_SAME,105,500,0.6,1,100,100,5,2,58.67,51.3,7.26,,,,,
ALL_THE_SAME,105,500,0.6,1,100,200,5,2,58.36,50.91,7.26,,,,,
ALL_THE_SAME,105,500,0.8,1,100,0,0,3,114.77,100.23,7.28,7.13,,,,
ALL_THE_SAME,105,500,0.8,1,100,50,5,3,112.62,97.65,7.57,7.26,,,,
ALL_THE_SAME,105,500,0.8,1,100,100,5,3,115.31,100.15,7.67,7.36,,,,
ALL_THE_SAME,105,500,0.8,1,100,200,5,2,107.56,99.69,7.68,,,,,
ALL_THE_SAME,105,500,1,1,100,0,0,3,195.59,180.74,7.45,7.24,,,,
ALL_THE_SAME,105,500,1,1,100,50,5,3,193.79,179.01,7.47,7.15,,,,
ALL_THE_SAME,105,500,1,1,100,100,5,3,193.31,178.06,7.77,7.31,,,,
ALL_THE_SAME,105,500,1,1,100,200,5,2,183.33,175.77,7.35,,,,,
UNIQUE,105,500,0.2,1,100,0,0,2,19.72,12.37,7.32,,,,,
UNIQUE,105,500,0.2,1,100,50,5,2,18.8,11.59,7.17,,,,,
UNIQUE,105,500,0.2,1,100,100,5,2,19.23,11.69,7.47,,,,,
UNIQUE,105,500,0.2,1,100,200,5,2,19.03,11.52,7.33,,,,,
UNIQUE,105,500,0.4,1,100,0,0,2,31.97,24.78,7.13,,,,,
UNIQUE,105,500,0.4,1,100,50,5,2,31.99,24.67,7.25,,,,,
UNIQUE,105,500,0.4,1,100,100,5,2,32.11,24.83,7.19,,,,,
UNIQUE,105,500,0.4,1,100,200,5,2,32.23,25.05,7.02,,,,,
UNIQUE,105,500,0.6,1,100,0,0,2,55.89,48.61,7.2,,,,,
UNIQUE,105,500,0.6,1,100,50,5,2,56.59,49.31,7.18,,,,,
UNIQUE,105,500,0.6,1,100,100,5,2,58.37,50.91,7.35,,,,,
UNIQUE,105,500,0.6,1,100,200,5,2,58.08,50.58,7.29,,,,,
UNIQUE,105,500,0.8,1,100,0,0,3,125.17,108.29,8.25,8.51,,,,
UNIQUE,105,500,0.8,1,100,50,5,3,123.87,108.76,7.63,7.37,,,,
UNIQUE,105,500,0.8,1,100,100,5,3,122.29,107.14,7.84,7.16,,,,
UNIQUE,105,500,0.8,1,100,200,5,2,150.05,141.14,8.7,,,,,
UNIQUE,105,500,1,1,100,0,0,3,238.66,223.33,7.87,7.31,,,,
UNIQUE,105,500,1,1,100,50,5,3,241.85,226.89,7.56,7.24,,,,
UNIQUE,105,500,1,1,100,100,5,3,234.17,219.2,7.42,7.39,,,,
UNIQUE,105,500,1,1,100,200,5,2,234.97,226.79,7.93,,,,,
INCIDENT_EDGES_THE_SAME,105,500,0.2,1,100,0,0,2,19.49,11.98,7.48,,,,,
INCIDENT_EDGES_THE_SAME,105,500,0.2,1,100,50,5,2,19.68,12.13,7.51,,,,,
INCIDENT_EDGES_THE_SAME,105,500,0.2,1,100,100,5,2,20.45,12.86,7.5,,,,,
INCIDENT_EDGES_THE_SAME,105,500,0.2,1,100,200,5,2,20.55,12.62,7.71,,,,,
INCIDENT_EDGES_THE_SAME,105,500,0.4,1,100,0,0,2,38.33,30.48,7.78,,,,,
INCIDENT_EDGES_THE_SAME,105,500,0.4,1,100,50,5,2,38.14,30.04,8.02,,,,,
INCIDENT_EDGES_THE_SAME,105,500,0.4,1,100,100,5,2,34.32,26.89,7.31,,,,,
INCIDENT_EDGES_THE_SAME,105,500,0.4,1,100,200,5,2,34.01,26.21,7.57,,,,,
INCIDENT_EDGES_THE_SAME,105,500,0.6,1,100,0,0,2,67.13,59.16,7.88,,,,,
INCIDENT_EDGES_THE_SAME,105,500,0.6,1,100,50,5,2,70.8,62.71,7.98,,,,,
INCIDENT_EDGES_THE_SAME,105,500,0.6,1,100,100,5,2,62.76,54.79,7.82,,,,,
INCIDENT_EDGES_THE_SAME,105,500,0.6,1,100,200,5,2,63.95,56.06,7.63,,,,,
INCIDENT_EDGES_THE_SAME,105,500,0.8,1,100,0,0,3,131.36,115.81,7.67,7.74,,,,
INCIDENT_EDGES_THE_SAME,105,500,0.8,1,100,50,5,3,121.42,106.78,7.37,7.12,,,,
INCIDENT_EDGES_THE_SAME,105,500,0.8,1,100,100,5,3,118.96,104.22,7.3,7.29,,,,
INCIDENT_EDGES_THE_SAME,105,500,0.8,1,100,200,5,2,114.02,106.44,7.29,,,,,
INCIDENT_EDGES_THE_SAME,105,500,1,1,100,0,0,3,208.75,192.95,7.99,7.66,,,,
INCIDENT_EDGES_THE_SAME,105,500,1,1,100,50,5,3,236.78,220.89,8.18,7.53,,,,
INCIDENT_EDGES_THE_SAME,105,500,1,1,100,100,5,3,208.94,193.79,7.75,7.21,,,,
INCIDENT_EDGES_THE_SAME,105,500,1,1,100,200,5,2,174.59,166.88,7.37,,,,,
